time,temperature,dew point,humidity,wind,wind speed,wind gust,pressure,precip.,condition
12:00 AM,51 °F,50 °F,97 °%,ESE,6 °mph,0 °mph,30.22 °in,0.0 °in,N/A
1:00 AM,50 °F,50 °F,99 °%,ESE,6 °mph,0 °mph,30.20 °in,0.0 °in,N/A
2:00 AM,50 °F,50 °F,99 °%,ESE,5 °mph,0 °mph,30.18 °in,0.0 °in,N/A
3:00 AM,48 °F,48 °F,99 °%,SE,3 °mph,0 °mph,30.16 °in,0.0 °in,N/A
4:00 AM,48 °F,48 °F,100 °%,CALM,0 °mph,0 °mph,30.16 °in,0.0 °in,N/A
5:00 AM,47 °F,47 °F,100 °%,N,3 °mph,0 °mph,30.15 °in,0.0 °in,N/A
6:00 AM,46 °F,46 °F,100 °%,CALM,0 °mph,0 °mph,30.17 °in,0.0 °in,N/A
7:00 AM,49 °F,49 °F,100 °%,N,5 °mph,0 °mph,30.19 °in,0.0 °in,N/A
8:00 AM,54 °F,54 °F,100 °%,NNE,3 °mph,0 °mph,30.20 °in,0.0 °in,N/A
9:00 AM,59 °F,54 °F,83 °%,ENE,3 °mph,0 °mph,30.21 °in,0.0 °in,N/A
10:00 AM,64 °F,55 °F,70 °%,NE,6 °mph,0 °mph,30.20 °in,0.0 °in,N/A
11:00 AM,67 °F,55 °F,67 °%,S,3 °mph,0 °mph,30.20 °in,0.0 °in,N/A
12:00 PM,67 °F,57 °F,70 °%,SSW,8 °mph,0 °mph,30.19 °in,0.0 °in,N/A
1:00 PM,69 °F,57 °F,66 °%,SSW,8 °mph,0 °mph,30.18 °in,0.0 °in,N/A
2:00 PM,69 °F,55 °F,59 °%,SSW,9 °mph,0 °mph,30.16 °in,0.0 °in,N/A
3:00 PM,70 °F,55 °F,59 °%,SSW,12 °mph,0 °mph,30.15 °in,0.0 °in,N/A
4:00 PM,70 °F,51 °F,51 °%,SSW,13 °mph,0 °mph,30.14 °in,0.0 °in,N/A
5:00 PM,71 °F,61 °F,70 °%,SSW,12 °mph,0 °mph,30.13 °in,0.0 °in,N/A
6:00 PM,69 °F,58 °F,67 °%,S,14 °mph,0 °mph,30.13 °in,0.0 °in,N/A
7:00 PM,66 °F,56 °F,68 °%,ESE,12 °mph,0 °mph,30.14 °in,0.0 °in,N/A
8:00 PM,63 °F,55 °F,77 °%,SE,9 °mph,0 °mph,30.16 °in,0.0 °in,N/A
9:00 PM,60 °F,57 °F,88 °%,SE,7 °mph,0 °mph,30.17 °in,0.0 °in,N/A
10:00 PM,58 °F,58 °F,100 °%,SE,6 °mph,0 °mph,30.19 °in,0.0 °in,N/A
11:00 PM,58 °F,58 °F,100 °%,S,6 °mph,0 °mph,30.18 °in,0.0 °in,N/A
